[
  {
    "id": "1764650457253",
    "name": "Brenda M",
    "phone": "0115584211",
    "church": "Aic Kitanga",
    "status": "approved",
    "createdAt": "2025-12-02T04:40:57.253Z",
    "approvedAt": "2025-12-02T04:44:03.739Z",
    "approvedBy": "system",
    "generatedCode": "MUAYF7DI",
    "auto": true,
    "autoApprovedAt": "2025-12-02T04:44:03.739Z"
  },
  {
    "id": "1764652702223",
    "name": "M.O.G iannoh",
    "phone": "0794988287",
    "church": "Aic Kitanga",
    "status": "approved",
    "createdAt": "2025-12-02T05:18:22.223Z",
    "approvedAt": "2025-12-02T05:19:04.844Z",
    "approvedBy": "deno",
    "generatedCode": "1IMTMODQ",
    "requestedBy": "0794988287"
  },
  {
    "id": "1765600133316",
    "name": "Ian",
    "phone": "0712345685",
    "church": "AIC Kitanga",
    "status": "approved",
    "createdAt": "2025-12-13T04:28:53.316Z",
    "approvedAt": "2025-12-13T04:29:19.586Z",
    "approvedBy": "deno",
    "generatedCode": "Z7QZ5PR6",
    "requestedBy": "0712345685"
  }
]